RESOLUCAO,BITRATE,FPS,PSNR,SSIM,VMAF,QP
34560000,153140.4,30,,,99.978,23
34560000,70482.2,30,,,99.964,29
34560000,48405.0,30,,,99.958,32
34560000,116526.4,30,,,99.974,26
34560000,72227.2,30,,,99.966,30
34560000,50704.8,30,,,99.958,33
34560000,72189.4,30,,,99.965,29
34560000,41255.6,30,,,99.947,34
34560000,33090.2,30,,,99.938,36
34560000,54408.0,30,,,99.963,25
34560000,21092.8,30,,,99.934,31
34560000,13912.2,30,,,89.339,34
34560000,178198.8,30,,,99.963,26
34560000,86051.0,30,,,99.944,31
34560000,55346.4,30,,,99.931,34
34560000,193971.2,30,,,99.962,28
34560000,84267.0,30,,,99.946,33
34560000,46001.0,30,,,98.984,37
34560000,164065.8,30,,,99.963,28
34560000,89967.6,30,,,99.946,33
34560000,62303.8,30,,,99.931,36
34560000,52304.6,30,,,99.963,29
34560000,28910.6,30,,,99.953,33
34560000,18083.4,30,,,99.936,36
34560000,88912.8,30,,,99.969,29
34560000,57408.6,30,,,99.951,33
34560000,45742.8,30,,,99.945,35
34560000,156306.2,30,,,99.982,20
34560000,34902.2,30,,,99.966,29
34560000,23001.8,30,,,99.95,32
34560000,267517.0,30,,,99.966,26
34560000,70152.0,30,,,99.949,32
34560000,22439.4,30,,,99.92,37
34560000,178485.4,30,,,99.885,32
34560000,84330.6,30,,,95.364,36
34560000,57333.2,30,,,90.255,38
34560000,231541.0,30,,,99.964,26
34560000,111226.4,30,,,99.947,31
34560000,60639.8,30,,,99.875,35
34560000,422707.2,30,,,99.965,25
34560000,148237.6,30,,,99.934,33
34560000,111894.0,30,,,98.859,35
34560000,406716.0,30,,,99.955,28
34560000,216583.8,30,,,99.936,33
34560000,132309.2,30,,,99.919,37
34560000,46150.6,30,,,99.941,31
34560000,24778.4,30,,,97.374,36
34560000,20161.0,30,,,94.279,38
34560000,124052.2,30,,,99.982,28
34560000,67423.0,30,,,99.97,33
34560000,52994.4,30,,,99.958,35
34560000,278421.0,30,,,99.968,28
34560000,111221.4,30,,,99.945,34
34560000,70241.6,30,,,97.314,37
34560000,64783.8,30,,,99.969,27
34560000,34646.6,30,,,99.959,31
34560000,19243.4,30,,,99.943,35
34560000,11680.0,30,,,99.963,30
34560000,6324.6,30,,,99.941,35
34560000,4473.0,30,,,99.922,38
34560000,35772.4,30,,,99.977,28
34560000,15776.4,30,,,99.965,35
34560000,11453.6,30,,,99.957,38
34560000,534537.2,30,,,99.986,14
34560000,90059.0,30,,,99.976,25
34560000,32642.8,30,,,99.961,32
34560000,62048.0,30,,,99.986,22
34560000,30259.2,30,,,99.976,28
34560000,18530.0,30,,,99.967,32
34560000,136946.2,30,,,99.982,22
34560000,46232.8,30,,,99.967,30
34560000,27494.6,30,,,99.954,34
34560000,206914.4,30,,,99.984,20
34560000,63033.4,30,,,99.972,30
34560000,35018.2,30,,,99.958,35
34560000,26909.2,30,,,99.972,30
34560000,14553.4,30,,,99.956,35
34560000,11663.6,30,,,99.954,37
34560000,83354.2,30,,,99.964,27
34560000,36676.4,30,,,99.959,32
34560000,27434.4,30,,,99.951,34
34560000,117621.4,30,,,99.978,24
34560000,44470.4,30,,,99.968,29
34560000,23535.6,30,,,99.963,33
34560000,119078.8,30,,,99.974,23
34560000,43630.8,30,,,99.968,29
34560000,25012.2,30,,,99.966,33
34560000,38684.0,30,,,99.97,27
34560000,24195.6,30,,,99.958,31
34560000,19190.4,30,,,99.953,33
34560000,46257.0,30,,,99.97,26
34560000,29105.8,30,,,99.961,30
34560000,21202.8,30,,,99.949,33
34560000,18275.6,30,,,99.978,25
34560000,10731.0,30,,,99.969,29
34560000,7434.2,30,,,99.958,32
34560000,115559.8,30,,,99.982,25
34560000,65349.2,30,,,99.977,29
34560000,38184.2,30,,,99.97,33
34560000,32046.6,30,,,99.969,26
34560000,25375.8,30,,,99.966,28
34560000,16013.6,30,,,99.953,32
34560000,140984.0,30,,,99.98,20
34560000,74432.6,30,,,99.972,25
34560000,51306.8,30,,,99.964,28
34560000,23510.2,30,,,99.978,24
34560000,13779.2,30,,,99.974,28
34560000,9692.6,30,,,99.968,31
34560000,86174.2,30,,,99.983,14
34560000,15845.2,30,,,99.979,23
34560000,7541.6,30,,,99.971,29
34560000,29072.6,30,,,99.977,22
34560000,15561.2,30,,,99.968,27
34560000,9731.0,30,,,99.958,31
34560000,45461.6,30,,,99.979,15
34560000,10199.6,30,,,99.976,24
34560000,6525.6,30,,,99.971,28
34560000,54849.8,30,,,99.982,16
34560000,10074.6,30,,,99.97,27
34560000,7039.4,30,,,99.965,30
34560000,29223.8,30,,,99.978,24
34560000,14277.4,30,,,99.301,30
34560000,11495.6,30,,,99.274,32
34560000,47180.8,30,,,99.983,14
34560000,10052.2,30,,,99.978,23
34560000,6437.6,30,,,99.968,27
34560000,11632.6,30,,,99.98,22
34560000,7041.4,30,,,99.976,26
34560000,4420.2,30,,,99.973,30
34560000,25601.8,30,,,99.983,22
34560000,14016.2,30,,,99.478,27
34560000,9879.0,30,,,99.973,30
34560000,89899.2,30,,,99.988,14
34560000,25095.4,30,,,99.982,23
34560000,10966.2,30,,,98.218,30
34560000,19142.2,30,,,99.98,26
34560000,11998.0,30,,,99.972,30
34560000,8815.6,30,,,97.817,33
34560000,15523.0,30,,,99.98,23
34560000,10733.6,30,,,99.978,26
34560000,6422.6,30,,,99.97,30
34560000,21064.0,30,,,99.98,24
34560000,14925.8,30,,,99.978,27
34560000,9624.4,30,,,99.979,31
34560000,23460.0,30,,,99.984,22
34560000,16518.4,30,,,99.979,25
34560000,11619.8,30,,,99.977,28
34560000,63498.6,30,,,99.983,23
34560000,35160.0,30,,,99.977,28
34560000,24446.8,30,,,99.971,31
34560000,25291.6,30,,,99.977,24
34560000,15666.2,30,,,99.972,28
34560000,12128.2,30,,,99.971,30
34560000,94942.4,30,,,99.983,19
34560000,38853.8,30,,,99.983,26
34560000,21501.8,30,,,99.979,31
34560000,49036.8,30,,,99.986,23
34560000,23611.0,30,,,99.985,29
34560000,14395.2,30,,,99.98,33
34560000,36841.8,30,,,95.36,26
34560000,22978.6,30,,,95.131,30
34560000,14443.0,30,,,94.858,34
34560000,67128.6,30,,,99.981,20
34560000,20348.6,30,,,99.97,30
34560000,14167.2,30,,,99.967,33
34560000,85691.2,30,,,99.957,28
34560000,54861.4,30,,,99.947,31
34560000,40872.8,30,,,99.932,33
34560000,42453.0,30,,,99.961,27
34560000,20598.2,30,,,99.944,32
34560000,12127.6,30,,,94.123,36
34560000,240084.0,30,,,99.968,25
34560000,81074.2,30,,,99.549,32
34560000,39687.6,30,,,94.333,37
34560000,197482.2,30,,,99.96,26
34560000,102360.0,30,,,99.896,31
34560000,61881.8,30,,,96.323,35
34560000,218323.6,30,,,99.965,25
34560000,94309.4,30,,,99.934,31
34560000,53891.4,30,,,97.289,35
34560000,197566.2,30,,,99.953,28
34560000,104393.4,30,,,99.686,33
34560000,81171.0,30,,,98.749,35
34560000,141546.6,30,,,99.964,26
34560000,67130.2,30,,,99.944,31
34560000,43215.4,30,,,99.704,34
34560000,101652.2,30,,,99.961,30
34560000,58473.4,30,,,99.569,34
34560000,44289.8,30,,,97.226,36
34560000,93672.2,30,,,99.96,28
34560000,62790.8,30,,,99.953,31
34560000,47739.6,30,,,99.945,33
34560000,301431.0,30,,,99.979,23
34560000,149907.0,30,,,99.964,28
34560000,82187.8,30,,,99.954,32
34560000,282194.2,30,,,99.97,25
34560000,152008.2,30,,,99.952,30
34560000,102594.4,30,,,99.585,33
34560000,64673.0,30,,,99.955,28
34560000,35696.6,30,,,99.93,33
34560000,22079.8,30,,,98.768,37
34560000,136265.8,30,,,99.961,29
34560000,77232.8,30,,,99.947,34
34560000,55695.6,30,,,99.933,37
34560000,64577.4,30,,,99.951,30
34560000,49433.8,30,,,99.937,32
34560000,33461.2,30,,,99.796,35
34560000,118040.2,30,,,99.952,30
34560000,76672.4,30,,,99.931,34
34560000,56342.8,30,,,99.613,37
34560000,62909.0,30,,,99.948,30
34560000,33473.0,30,,,99.854,35
34560000,22508.2,30,,,96.387,38
34560000,113462.4,30,,,99.952,31
34560000,71663.4,30,,,99.919,35
34560000,47104.4,30,,,98.212,39
34560000,133540.0,30,,,99.977,23
34560000,42514.4,30,,,99.958,29
34560000,17896.0,30,,,99.942,34
34560000,35844.2,30,,,99.971,24
34560000,13214.0,30,,,99.961,30
34560000,6721.0,30,,,99.952,34
34560000,85485.4,30,,,99.965,27
34560000,34959.4,30,,,99.954,32
34560000,19326.0,30,,,99.943,35
34560000,86993.4,30,,,99.935,31
34560000,49967.6,30,,,97.822,35
34560000,31932.6,30,,,90.942,38
34560000,37882.2,30,,,96.846,26
34560000,24105.0,30,,,93.245,28
34560000,12306.0,30,,,89.854,31
34560000,30225.8,30,,,94.985,29
34560000,16310.0,30,,,89.168,33
34560000,10167.6,30,,,83.978,36
34560000,80392.0,30,,,99.932,32
34560000,45956.2,30,,,95.453,36
34560000,29480.8,30,,,88.496,39
34560000,98033.6,30,,,99.971,23
34560000,34386.0,30,,,99.956,29
34560000,19989.8,30,,,99.939,33
34560000,14477.6,30,,,99.973,25
34560000,8167.8,30,,,99.965,29
34560000,5399.4,30,,,99.959,32
34560000,48622.8,30,,,99.968,24
34560000,21942.8,30,,,99.956,29
34560000,14524.4,30,,,99.95,32
34560000,85997.2,30,,,99.97,27
34560000,39315.0,30,,,99.965,31
34560000,21983.8,30,,,99.951,34
34560000,76520.0,30,,,99.965,27
34560000,32527.2,30,,,99.944,33
34560000,21949.4,30,,,81.05,36
34560000,440318.0,30,,,99.976,31
34560000,272695.2,30,,,99.966,34
34560000,165738.8,30,,,99.4,37
34560000,224586.0,30,,,99.962,32
34560000,146218.6,30,,,99.905,35
34560000,93777.2,30,,,96.422,38
34560000,279751.6,30,,,99.964,34
34560000,142907.4,30,,,98.172,38
34560000,100069.8,30,,,93.866,40
34560000,1012683.0,30,,,99.982,25
34560000,335462.4,30,,,99.968,33
34560000,241164.2,30,,,99.954,35
34560000,736252.2,30,,,99.977,25
34560000,350579.6,30,,,99.969,30
34560000,213320.6,30,,,99.956,33
34560000,318001.6,30,,,99.97,30
34560000,138083.2,30,,,99.216,36
34560000,90746.8,30,,,93.329,39
27648000,31076.0,24,,,99.939,27
27648000,21506.2,24,,,99.939,31
27648000,14938.8,24,,,99.934,35
27648000,14239.8,24,,,99.97,25
27648000,8611.4,24,,,99.959,29
27648000,6323.0,24,,,99.96,32
27648000,13772.2,24,,,99.968,29
27648000,9172.4,24,,,99.962,33
27648000,7672.0,24,,,99.95,35
27648000,22589.0,24,,,99.965,27
27648000,16334.2,24,,,99.957,30
27648000,10910.2,24,,,99.945,34
27648000,41212.4,24,,,99.969,25
27648000,23717.6,24,,,99.961,30
27648000,17672.6,24,,,99.948,33
27648000,34396.6,24,,,99.981,22
27648000,17643.4,24,,,99.974,27
27648000,13642.8,24,,,99.977,29
27648000,54573.0,24,,,99.98,20
27648000,26912.4,24,,,99.979,25
27648000,13903.0,24,,,99.972,30
27648000,80185.0,24,,,99.96,21
27648000,47541.8,24,,,99.949,25
27648000,32190.8,24,,,99.94,28
27648000,41809.8,24,,,99.952,25
27648000,17478.2,24,,,99.948,32
27648000,11320.2,24,,,99.906,36
27648000,13906.0,24,,,99.959,28
27648000,8263.4,24,,,99.943,33
27648000,5668.4,24,,,99.901,37
27648000,6131.6,24,,,99.972,32
27648000,3788.0,24,,,99.961,37
27648000,2787.6,24,,,99.94,40
27648000,37632.0,24,,,87.94,34
27648000,26838.2,24,,,80.07,36
27648000,19487.2,24,,,73.432,38
27648000,46932.8,24,,,99.937,27
27648000,24356.4,24,,,93.221,33
27648000,15872.0,24,,,84.49,36
27648000,125198.6,24,,,99.935,23
27648000,57164.2,24,,,98.766,29
27648000,39375.8,24,,,95.47,32
27648000,99925.4,24,,,99.905,28
27648000,61133.8,24,,,97.792,32
27648000,37405.6,24,,,91.93,36
27648000,501812.6,24,,,99.945,25
27648000,255978.8,24,,,98.805,30
27648000,150781.2,24,,,93.411,33
27648000,291794.2,24,,,99.938,26
27648000,123367.8,24,,,96.072,31
27648000,84780.8,24,,,91.461,33
27648000,166475.0,24,,,95.968,30
27648000,63718.0,24,,,82.628,35
27648000,35583.6,24,,,71.386,38
27648000,155172.2,24,,,99.943,27
27648000,90577.2,24,,,99.932,30
27648000,50466.4,24,,,99.909,33
27648000,60117.2,24,,,99.965,23
27648000,23186.8,24,,,99.944,29
27648000,13989.0,24,,,99.927,33
27648000,26354.0,24,,,99.947,26
27648000,14211.2,24,,,99.922,31
27648000,11023.0,24,,,99.827,33
27648000,26581.8,24,,,99.96,24
27648000,14404.0,24,,,99.943,29
27648000,7923.2,24,,,99.816,34
27648000,104015.4,24,,,99.206,27
27648000,48838.8,24,,,92.345,32
27648000,28196.0,24,,,82.539,36
27648000,321546.6,24,,,99.937,23
27648000,96941.2,24,,,92.25,30
27648000,56591.2,24,,,83.279,33
27648000,144079.2,24,,,99.945,26
27648000,61509.0,24,,,98.605,30
27648000,29437.4,24,,,89.553,34
27648000,46917.4,24,,,99.937,30
27648000,30876.0,24,,,99.921,33
27648000,23402.2,24,,,99.909,35
27648000,19981.8,24,,,99.988,31
27648000,12653.6,24,,,99.918,35
27648000,8463.0,24,,,98.906,39
27648000,116248.0,24,,,99.945,30
27648000,60565.2,24,,,98.443,35
27648000,42044.8,24,,,92.78,38
27648000,118538.6,24,,,99.963,26
27648000,57279.8,24,,,99.946,31
27648000,33154.0,24,,,99.719,35
27648000,23664.4,24,,,99.889,30
27648000,14352.0,24,,,97.733,34
27648000,10425.0,24,,,94.293,37
34560000,97009.8,30,,,99.115,27
34560000,50985.4,30,,,94.25,31
34560000,36405.4,30,,,90.383,33
34560000,171956.6,30,,,99.957,23
34560000,96270.8,30,,,99.939,26
34560000,54062.2,30,,,98.689,29
34560000,28866.0,30,,,99.98,24
34560000,14492.0,30,,,99.971,31
34560000,10765.4,30,,,97.599,34
34560000,31669.2,30,,,99.979,26
34560000,20515.4,30,,,99.981,30
34560000,11963.8,30,,,99.974,35
34560000,53245.6,30,,,99.97,24
34560000,26628.0,30,,,98.523,30
34560000,15845.0,30,,,93.321,34
34560000,12417.4,30,,,99.961,21
34560000,7451.8,30,,,99.936,26
34560000,5442.4,30,,,99.695,29
34560000,95012.4,30,,,93.505,27
34560000,37872.8,30,,,80.195,33
34560000,21234.4,30,,,69.41,37
34560000,20353.6,30,,,96.771,27
34560000,11144.6,30,,,89.564,32
34560000,8270.8,30,,,79.339,35
34560000,17130.8,30,,,99.957,22
34560000,6393.0,30,,,99.37,31
34560000,4810.6,30,,,95.961,34
34560000,20172.2,30,,,99.948,24
34560000,11334.4,30,,,97.982,30
34560000,8636.2,30,,,94.51,33
34560000,36542.6,30,,,91.683,30
34560000,25737.0,30,,,81.631,33
34560000,18950.8,30,,,73.11,36
34560000,22160.4,30,,,88.135,29
34560000,13408.2,30,,,77.279,34
34560000,11088.8,30,,,65.78,36
34560000,43834.6,30,,,99.969,23
34560000,16417.6,30,,,99.953,30
34560000,8876.0,30,,,99.917,35
34560000,96160.8,30,,,99.941,26
34560000,53897.4,30,,,94.505,31
34560000,30299.2,30,,,81.67,36
34560000,104582.6,30,,,99.954,23
34560000,50373.0,30,,,96.761,29
34560000,35573.6,30,,,91.257,32
27648000,26639.6,24,,,99.921,26
27648000,13662.6,24,,,98.586,31
27648000,10285.2,24,,,96.737,33
27648000,295951.6,24,,,99.958,26
27648000,166126.0,24,,,99.69,31
27648000,124050.4,24,,,96.134,33
27648000,120736.0,24,,,99.936,28
27648000,49786.4,24,,,99.217,33
27648000,29823.6,24,,,91.643,36
27648000,22533.4,24,,,99.965,26
27648000,11569.0,24,,,99.949,31
27648000,7932.6,24,,,98.934,34
27648000,88810.0,24,,,99.955,25
27648000,45638.8,24,,,99.929,30
27648000,29416.0,24,,,96.591,33
27648000,79541.6,24,,,99.951,26
27648000,40592.4,24,,,99.755,31
27648000,29842.4,24,,,96.719,33
27648000,124596.0,24,,,99.953,27
27648000,65152.4,24,,,99.924,32
27648000,36530.8,24,,,93.395,36
27648000,188245.4,24,,,99.971,23
27648000,68534.2,24,,,99.931,31
27648000,38645.8,24,,,97.113,35
27648000,78154.4,24,,,99.953,26
27648000,30256.6,24,,,97.686,33
27648000,23119.0,24,,,94.517,35
27648000,59658.4,24,,,99.949,27
27648000,35411.2,24,,,99.931,31
27648000,19003.4,24,,,98.165,36
27648000,28472.0,24,,,99.951,27
27648000,14463.0,24,,,99.924,32
27648000,9841.4,24,,,99.9,35
27648000,26360.8,24,,,99.941,29
27648000,15180.6,24,,,99.913,33
27648000,10172.8,24,,,99.407,36
27648000,137715.2,24,,,99.969,22
27648000,61115.0,24,,,99.94,28
27648000,35122.0,24,,,99.909,32
34560000,66483.8,30,,,99.97,23
34560000,32843.2,30,,,99.948,29
34560000,22757.2,30,,,99.933,32
34560000,220587.8,30,,,99.971,23
34560000,85909.0,30,,,99.896,29
34560000,57461.8,30,,,99.504,32
34560000,54652.8,30,,,99.936,30
34560000,30092.0,30,,,99.91,35
34560000,21902.0,30,,,99.419,38
34560000,84954.2,30,,,99.97,28
34560000,50155.0,30,,,99.875,32
34560000,30668.4,30,,,98.826,36
34560000,52571.0,30,,,98.891,29
34560000,37425.4,30,,,97.375,32
34560000,27351.6,30,,,94.119,35
34560000,79778.0,30,,,99.866,28
34560000,46805.0,30,,,99.054,32
34560000,31903.4,30,,,41.976,35
34560000,121100.6,30,,,99.976,23
34560000,56124.6,30,,,99.959,28
34560000,35817.0,30,,,99.896,31
34560000,78040.6,30,,,99.966,28
34560000,42482.0,30,,,99.949,33
34560000,30203.2,30,,,36.261,36
34560000,59239.8,30,,,99.963,24
34560000,28390.6,30,,,99.956,29
34560000,19798.6,30,,,99.955,32
34560000,63233.6,30,,,99.969,25
34560000,30701.6,30,,,99.958,30
34560000,21110.6,30,,,99.535,33
27648000,82212.8,24,,,99.965,24
27648000,43050.0,24,,,99.946,30
27648000,27387.6,24,,,99.923,34
27648000,144406.2,24,,,99.96,28
27648000,87978.8,24,,,99.944,32
27648000,54474.0,24,,,99.721,36
27648000,62867.8,24,,,99.972,23
27648000,38210.2,24,,,99.957,27
27648000,23280.0,24,,,99.938,31
27648000,46004.0,24,,,99.908,30
27648000,28635.4,24,,,98.527,34
27648000,20747.0,24,,,94.696,37
27648000,387217.8,24,,,99.95,26
27648000,168294.2,24,,,94.691,33
27648000,100957.4,24,,,86.452,37
27648000,198959.4,24,,,99.955,27
27648000,104176.8,24,,,97.758,32
27648000,60418.0,24,,,89.852,36
27648000,38420.4,24,,,99.942,29
27648000,20368.6,24,,,99.918,34
27648000,15362.8,24,,,99.907,36
27648000,44584.6,24,,,99.951,28
27648000,23902.8,24,,,99.934,33
27648000,16033.4,24,,,99.851,36
27648000,26111.0,24,,,99.968,23
27648000,14548.4,24,,,99.956,28
27648000,9202.2,24,,,99.927,32
27648000,55450.6,24,,,97.589,29
27648000,24961.2,24,,,89.925,33
27648000,14205.4,24,,,83.539,36
27648000,95128.6,24,,,99.944,28
27648000,43554.8,24,,,99.137,33
27648000,27787.6,24,,,94.997,36
27648000,55430.2,24,,,99.932,27
27648000,33250.4,24,,,99.916,30
27648000,24039.0,24,,,99.095,32
27648000,152332.6,24,,,99.971,21
27648000,47737.2,24,,,99.932,30
27648000,25834.0,24,,,98.304,35
27648000,207280.4,24,,,99.973,22
27648000,77621.2,24,,,99.948,30
27648000,40874.0,24,,,99.924,35
27648000,108069.6,24,,,99.957,26
27648000,44449.0,24,,,99.931,32
27648000,25658.0,24,,,99.759,36
27648000,47368.2,24,,,99.954,28
27648000,24049.6,24,,,98.884,33
27648000,19013.4,24,,,97.363,35
27648000,79047.0,24,,,99.941,31
27648000,44940.2,24,,,99.428,35
27648000,30096.8,24,,,93.797,38
27648000,54174.2,24,,,99.951,33
27648000,34796.4,24,,,98.238,36
27648000,22987.4,24,,,92.812,39
27648000,160319.2,24,,,99.97,20
27648000,49015.0,24,,,99.942,28
27648000,24238.6,24,,,99.752,33
27648000,134419.2,24,,,99.956,24
27648000,60494.4,24,,,99.933,29
27648000,33646.6,24,,,99.184,33
27648000,173231.0,24,,,99.962,24
27648000,63473.0,24,,,97.637,29
27648000,36962.0,24,,,91.499,32
27648000,89593.0,24,,,99.181,27
27648000,45416.6,24,,,96.441,31
27648000,31594.0,24,,,94.223,33
27648000,107456.6,24,,,99.989,27
27648000,54368.0,24,,,99.989,32
27648000,28005.0,24,,,99.985,37
27648000,26408.6,24,,,99.982,27
27648000,12603.8,24,,,99.972,32
27648000,8421.4,24,,,99.957,35
27648000,85943.2,24,,,99.965,23
27648000,36868.8,24,,,99.939,29
27648000,18850.8,24,,,99.914,34
27648000,43480.0,24,,,99.952,27
27648000,21960.6,24,,,99.926,32
27648000,17030.8,24,,,99.917,34
27648000,106101.6,24,,,99.963,25
27648000,45053.0,24,,,99.933,31
27648000,25984.2,24,,,99.239,35
27648000,103645.4,24,,,99.954,25
27648000,51154.0,24,,,99.936,30
27648000,29372.6,24,,,99.919,34
27648000,39964.0,24,,,99.923,30
27648000,22966.6,24,,,99.889,34
27648000,15647.2,24,,,98.574,37
27648000,49878.0,24,,,99.948,26
27648000,18716.8,24,,,99.911,32
27648000,10528.6,24,,,99.883,36
27648000,48480.0,24,,,99.937,28
27648000,22117.6,24,,,99.903,33
27648000,12074.0,24,,,99.852,37
27648000,37073.2,24,,,99.945,31
27648000,19767.6,24,,,99.92,36
27648000,13863.2,24,,,99.887,39
27648000,78450.0,24,,,99.969,23
27648000,35976.8,24,,,99.953,29
27648000,24690.0,24,,,99.94,32
27648000,36836.6,24,,,99.971,21
27648000,14466.0,24,,,99.953,27
27648000,7404.4,24,,,99.928,32
27648000,43623.4,24,,,99.968,25
27648000,20971.0,24,,,99.952,31
27648000,11742.4,24,,,99.898,36
27648000,84544.4,24,,,99.96,22
27648000,51369.0,24,,,99.95,25
27648000,30681.6,24,,,99.934,28
27648000,52553.6,24,,,99.96,28
27648000,28558.2,24,,,99.938,33
27648000,22593.0,24,,,99.929,35
27648000,73529.6,24,,,99.953,26
27648000,39696.8,24,,,99.942,30
27648000,25472.2,24,,,99.926,33
27648000,53979.8,24,,,99.976,24
27648000,30192.4,24,,,99.967,28
27648000,18272.8,24,,,99.968,32
27648000,98658.0,24,,,99.968,25
27648000,41951.2,24,,,99.952,30
27648000,26032.2,24,,,99.946,33
27648000,99166.6,24,,,99.969,23
27648000,43467.4,24,,,99.951,29
27648000,25696.2,24,,,99.939,33
27648000,113981.0,24,,,99.97,28
27648000,58643.4,24,,,99.924,33
27648000,35807.4,24,,,98.553,37
27648000,173827.8,24,,,99.947,29
27648000,107854.6,24,,,99.931,32
27648000,55793.4,24,,,97.755,36
27648000,57972.0,24,,,99.936,27
27648000,30639.6,24,,,99.909,32
27648000,21450.0,24,,,99.889,35
27648000,49490.2,24,,,99.941,27
27648000,27876.8,24,,,99.917,31
27648000,16298.6,24,,,99.89,35
27648000,56350.2,24,,,99.922,33
27648000,31456.8,24,,,98.401,37
27648000,20296.0,24,,,91.422,40
27648000,208435.0,24,,,99.956,24
27648000,74531.2,24,,,99.924,31
27648000,46236.6,24,,,99.907,34
27648000,142516.0,24,,,99.949,26
27648000,65812.4,24,,,99.923,32
27648000,44952.2,24,,,99.903,35
27648000,60842.0,24,,,99.924,29
27648000,34663.8,24,,,99.895,34
27648000,25593.4,24,,,99.46,37
27648000,86424.4,24,,,99.938,28
27648000,41561.6,24,,,99.908,33
27648000,27375.2,24,,,99.888,36
27648000,38940.6,24,,,99.919,32
27648000,22888.8,24,,,99.731,36
27648000,17821.6,24,,,96.652,38
27648000,38752.2,24,,,99.929,28
27648000,26670.8,24,,,99.913,31
27648000,16639.8,24,,,99.862,35
27648000,36906.2,24,,,99.966,22
27648000,14925.6,24,,,99.935,29
27648000,9172.8,24,,,99.91,34
27648000,57945.8,24,,,99.958,24
27648000,27210.0,24,,,99.925,30
27648000,17113.0,24,,,99.896,34
27648000,78465.2,24,,,99.975,26
27648000,35436.2,24,,,99.959,32
27648000,23580.0,24,,,99.954,35
27648000,62103.6,24,,,99.961,26
27648000,34192.2,24,,,99.94,31
27648000,21929.0,24,,,99.926,35
27648000,39587.8,24,,,99.942,27
27648000,18501.0,24,,,99.902,33
27648000,13081.8,24,,,99.586,36
27648000,29328.0,24,,,99.938,27
27648000,16017.6,24,,,99.908,32
27648000,11800.4,24,,,99.89,35
27648000,44047.6,24,,,99.924,31
27648000,23785.4,24,,,99.645,36
27648000,17114.0,24,,,96.286,39
27648000,27272.6,24,,,99.917,31
27648000,19921.0,24,,,99.899,34
27648000,16388.4,24,,,99.885,36
27648000,71414.6,24,,,99.958,23
27648000,34764.8,24,,,99.932,29
27648000,25198.4,24,,,99.918,32
27648000,82290.8,24,,,99.969,20
27648000,27522.0,24,,,99.939,28
27648000,16063.0,24,,,99.915,33
77760000,376281.2,30,,,99.979,20
77760000,168650.8,30,,,99.967,26
77760000,91573.4,30,,,99.956,31
77760000,210329.6,30,,,99.974,25
77760000,91772.6,30,,,99.954,32
77760000,66185.8,30,,,99.943,35
77760000,114117.6,30,,,99.96,29
77760000,74432.0,30,,,99.948,33
77760000,60462.4,30,,,99.938,35
77760000,60517.4,30,,,99.948,28
77760000,38517.6,30,,,99.938,31
77760000,29063.0,30,,,99.608,33
77760000,181114.4,30,,,99.949,30
77760000,104225.0,30,,,99.93,34
77760000,79700.8,30,,,99.619,36
77760000,237752.2,30,,,99.955,30
77760000,112679.0,30,,,99.933,35
77760000,74454.8,30,,,97.431,38
77760000,188974.2,30,,,99.952,31
77760000,118836.6,30,,,99.934,35
77760000,95171.6,30,,,99.924,37
77760000,203556.2,30,,,99.968,25
77760000,83015.0,30,,,99.952,31
77760000,50253.0,30,,,99.939,34
77760000,158555.2,30,,,99.966,28
77760000,104150.2,30,,,99.953,32
77760000,69531.4,30,,,99.933,36
77760000,158588.0,30,,,99.976,23
77760000,62358.0,30,,,99.963,29
77760000,38239.6,30,,,99.947,33
77760000,152812.4,30,,,99.938,33
77760000,55513.2,30,,,99.741,37
77760000,28457.2,30,,,97.952,40
77760000,764578.2,30,,,99.946,27
77760000,310949.2,30,,,98.406,33
77760000,158053.6,30,,,93.57,37
77760000,274110.6,30,,,99.955,28
77760000,136691.2,30,,,99.937,33
77760000,91569.2,30,,,99.783,36
77760000,246497.2,30,,,99.882,33
77760000,146880.8,30,,,95.459,37
77760000,112723.0,30,,,90.234,39
77760000,486799.8,30,,,99.951,30
77760000,297214.8,30,,,99.934,34
77760000,211485.6,30,,,99.919,37
77760000,82261.2,30,,,99.945,30
77760000,43560.4,30,,,98.164,36
77760000,34041.2,30,,,93.651,39
77760000,206044.0,30,,,99.982,28
77760000,127548.0,30,,,99.97,32
77760000,91201.2,30,,,99.959,35
77760000,407205.6,30,,,99.967,29
77760000,233309.2,30,,,99.951,33
77760000,175974.2,30,,,99.94,35
77760000,116582.6,30,,,99.967,28
77760000,52500.2,30,,,99.953,33
77760000,39103.2,30,,,99.944,35
77760000,16903.2,30,,,99.956,32
77760000,7588.4,30,,,99.919,39
77760000,5448.2,30,,,99.892,42
77760000,36848.6,30,,,99.973,32
77760000,19170.0,30,,,99.958,38
77760000,14385.2,30,,,99.942,41
77760000,105143.2,30,,,99.974,27
77760000,54284.8,30,,,99.964,32
77760000,43342.6,30,,,99.962,34
77760000,108798.4,30,,,99.985,22
77760000,40434.0,30,,,99.976,30
77760000,28358.8,30,,,99.969,33
77760000,164773.6,30,,,99.974,25
77760000,83750.2,30,,,99.964,30
77760000,50346.8,30,,,99.953,34
77760000,304778.4,30,,,99.984,21
77760000,106412.8,30,,,99.972,30
77760000,61242.0,30,,,99.96,35
77760000,85349.4,30,,,99.977,26
77760000,45773.6,30,,,99.973,31
77760000,29049.8,30,,,99.96,35
77760000,173879.2,30,,,99.967,26
77760000,80255.4,30,,,99.96,31
77760000,45546.8,30,,,99.949,35
77760000,73850.8,30,,,99.965,30
77760000,42683.0,30,,,99.956,34
77760000,33169.6,30,,,99.949,36
77760000,152712.2,30,,,99.974,25
77760000,60254.4,30,,,99.969,31
77760000,45230.0,30,,,99.968,33
77760000,55490.8,30,,,99.962,28
77760000,32209.6,30,,,99.949,33
77760000,26275.0,30,,,99.945,35
77760000,93729.8,30,,,99.975,24
77760000,65064.4,30,,,99.968,27
77760000,42263.2,30,,,99.958,31
77760000,34909.4,30,,,99.975,25
77760000,17389.4,30,,,99.958,30
77760000,10430.8,30,,,99.925,34
77760000,137871.4,30,,,99.978,27
77760000,71018.0,30,,,99.972,32
77760000,49589.8,30,,,99.962,35
77760000,60998.0,30,,,99.972,25
77760000,37386.4,30,,,99.96,29
77760000,26763.8,30,,,99.95,32
77760000,155407.2,30,,,99.976,23
77760000,75552.8,30,,,99.962,29
77760000,53898.0,30,,,99.955,32
77760000,37318.6,30,,,99.976,25
77760000,20242.8,30,,,99.968,30
77760000,14475.6,30,,,99.959,33
77760000,37156.6,30,,,99.974,22
77760000,17778.2,30,,,99.971,27
77760000,13669.6,30,,,99.964,29
77760000,43807.2,30,,,99.977,23
77760000,20770.4,30,,,99.967,29
77760000,14825.4,30,,,99.959,32
77760000,62023.4,30,,,99.974,18
77760000,21966.2,30,,,99.971,23
77760000,13159.8,30,,,99.966,27
77760000,51790.0,30,,,99.977,20
77760000,17795.2,30,,,99.966,27
77760000,10939.0,30,,,99.958,31
77760000,402191.0,30,,,99.98,14
77760000,52810.8,30,,,99.975,24
77760000,28113.8,30,,,99.969,29
77760000,42864.0,30,,,99.975,19
77760000,11647.0,30,,,99.958,26
77760000,7494.2,30,,,99.951,30
77760000,44652.2,30,,,99.976,19
77760000,12899.8,30,,,99.971,25
77760000,7428.2,30,,,99.966,30
77760000,322977.0,30,,,99.985,14
77760000,52278.2,30,,,99.981,21
77760000,22777.4,30,,,99.977,27
77760000,49408.8,30,,,99.983,22
77760000,25557.0,30,,,99.976,27
77760000,18233.8,30,,,99.972,30
77760000,53037.6,30,,,99.982,22
77760000,27748.4,30,,,99.977,27
77760000,17838.0,30,,,99.97,31
77760000,22861.6,30,,,99.975,24
77760000,12060.6,30,,,99.97,29
77760000,7294.0,30,,,99.968,34
77760000,27094.8,30,,,99.976,26
77760000,21326.8,30,,,99.975,28
77760000,14202.0,30,,,99.969,32
77760000,21144.0,30,,,99.978,27
77760000,15284.0,30,,,99.973,30
77760000,11436.2,30,,,99.972,33
77760000,92424.6,30,,,99.979,24
77760000,57388.2,30,,,99.976,28
77760000,45394.8,30,,,99.975,30
77760000,32790.6,30,,,99.972,26
77760000,22754.4,30,,,99.97,29
77760000,18270.0,30,,,99.964,31
77760000,73145.4,30,,,99.979,25
77760000,40270.8,30,,,99.977,30
77760000,31893.2,30,,,99.97,32
77760000,81000.6,30,,,99.982,23
77760000,34863.4,30,,,99.98,30
77760000,21893.0,30,,,99.97,34
77760000,75057.0,30,,,99.978,24
77760000,37529.6,30,,,94.575,30
77760000,23935.2,30,,,94.349,34
77760000,67070.4,30,,,99.975,24
77760000,33341.8,30,,,99.968,30
77760000,21299.8,30,,,99.961,34
77760000,235800.4,30,,,99.97,25
77760000,111293.2,30,,,99.953,30
77760000,73811.6,30,,,99.932,33
77760000,74932.2,30,,,99.962,27
77760000,32592.2,30,,,99.934,33
77760000,22630.2,30,,,99.884,36
77760000,246028.4,30,,,99.947,29
77760000,116185.0,30,,,98.665,34
77760000,65616.4,30,,,92.646,38
77760000,204377.8,30,,,99.939,30
77760000,123603.4,30,,,98.375,34
77760000,88658.8,30,,,93.818,37
77760000,293907.2,30,,,99.957,27
77760000,195281.4,30,,,99.95,30
77760000,113758.0,30,,,99.17,34
77760000,488802.0,30,,,99.965,25
77760000,204235.4,30,,,99.912,32
77760000,125154.6,30,,,98.236,36
77760000,186832.2,30,,,99.953,28
77760000,90357.4,30,,,99.93,33
77760000,68899.4,30,,,99.298,35
77760000,315317.8,30,,,99.971,26
77760000,160672.4,30,,,99.958,31
77760000,106400.2,30,,,99.901,34
77760000,164519.4,30,,,99.961,28
77760000,97115.6,30,,,99.951,32
77760000,85724.4,30,,,99.947,33
77760000,281076.8,30,,,99.966,28
77760000,136623.0,30,,,99.949,33
77760000,88039.0,30,,,99.938,36
77760000,434379.4,30,,,99.965,26
77760000,269474.0,30,,,99.951,30
77760000,162973.6,30,,,99.65,34
77760000,112607.2,30,,,99.955,28
77760000,69699.8,30,,,99.936,32
77760000,48524.6,30,,,99.918,35
77760000,247156.0,30,,,99.964,28
77760000,115825.0,30,,,99.938,35
77760000,84958.0,30,,,99.886,38
77760000,143901.8,30,,,99.955,28
77760000,85496.2,30,,,99.938,32
77760000,58170.6,30,,,99.368,35
77760000,228948.0,30,,,99.955,28
77760000,125223.6,30,,,99.929,34
77760000,84482.6,30,,,98.838,38
77760000,121446.2,30,,,99.95,29
77760000,58077.2,30,,,99.786,35
77760000,39837.4,30,,,95.93,38
77760000,251633.6,30,,,99.959,28
77760000,146763.4,30,,,99.938,33
77760000,98584.2,30,,,99.741,37
77760000,99943.0,30,,,99.958,28
77760000,46733.2,30,,,99.946,32
77760000,29164.0,30,,,99.596,35
77760000,66047.6,30,,,99.953,26
77760000,31993.4,30,,,99.945,30
77760000,18608.6,30,,,99.936,33
77760000,214787.6,30,,,99.957,27
77760000,85264.6,30,,,99.939,32
77760000,38596.6,30,,,99.661,36
77760000,191451.8,30,,,99.947,29
77760000,102463.6,30,,,99.882,34
77760000,69192.4,30,,,96.538,37
77760000,80068.2,30,,,95.43,27
77760000,25028.2,30,,,87.824,32
77760000,15910.0,30,,,84.932,34
77760000,64574.0,30,,,97.639,28
77760000,36063.4,30,,,92.275,32
77760000,23445.8,30,,,87.574,35
77760000,139736.0,30,,,99.932,32
77760000,73307.0,30,,,96.279,37
77760000,47900.6,30,,,88.524,40
77760000,92311.2,30,,,99.966,26
77760000,44996.0,30,,,99.956,31
77760000,32181.6,30,,,99.577,34
77760000,26342.2,30,,,99.968,26
77760000,14230.2,30,,,99.962,30
77760000,7929.2,30,,,99.945,34
77760000,77672.2,30,,,99.967,25
77760000,41966.6,30,,,99.957,29
77760000,28126.8,30,,,99.948,32
77760000,342055.8,30,,,99.968,25
77760000,98184.0,30,,,99.954,31
77760000,52788.0,30,,,99.94,34
77760000,88874.4,30,,,99.949,30
77760000,58659.0,30,,,99.935,33
77760000,40217.8,30,,,99.911,36
77760000,1195560.2,30,,,99.977,29
77760000,553405.8,30,,,99.959,34
77760000,277250.6,30,,,99.011,38
77760000,538871.2,30,,,99.966,30
77760000,268461.6,30,,,99.92,35
77760000,173357.4,30,,,96.523,38
77760000,903626.0,30,,,99.973,31
77760000,476091.8,30,,,99.958,35
77760000,244426.4,30,,,97.813,39
77760000,675124.2,30,,,99.964,33
77760000,348785.6,30,,,99.908,37
77760000,245918.0,30,,,96.901,39
77760000,594263.2,30,,,99.957,31
77760000,359071.2,30,,,99.942,34
77760000,252440.8,30,,,99.931,36
77760000,567394.4,30,,,99.962,30
77760000,250129.8,30,,,99.48,36
77760000,142418.4,30,,,89.827,40
62208000,81835.0,24,,,99.932,23
62208000,42154.0,24,,,99.93,29
62208000,29417.8,24,,,99.924,33
62208000,46704.8,24,,,99.98,20
62208000,17925.8,24,,,99.969,27
62208000,10807.0,24,,,99.954,32
62208000,28911.2,24,,,99.975,27
62208000,17101.6,24,,,99.96,32
62208000,10764.6,24,,,99.952,37
62208000,38739.6,24,,,99.959,27
62208000,22930.4,24,,,99.95,32
62208000,20879.8,24,,,99.946,33
62208000,43913.0,24,,,99.96,29
62208000,30394.6,24,,,99.948,33
62208000,23739.8,24,,,99.935,36
62208000,40047.2,24,,,99.98,25
62208000,24657.0,24,,,99.976,29
62208000,17912.4,24,,,99.969,32
62208000,65709.0,24,,,99.979,22
62208000,38175.0,24,,,99.975,26
62208000,26241.0,24,,,99.969,29
62208000,222028.6,24,,,99.962,18
62208000,91505.6,24,,,99.949,24
62208000,55169.4,24,,,99.937,28
62208000,57928.6,24,,,99.951,27
62208000,31485.2,24,,,99.944,32
62208000,22627.0,24,,,99.94,35
62208000,24314.6,24,,,99.953,28
62208000,14189.6,24,,,99.944,33
62208000,9923.6,24,,,99.931,37
62208000,16112.6,24,,,99.973,27
62208000,7357.2,24,,,99.962,35
62208000,5615.8,24,,,99.961,38
62208000,222344.0,24,,,99.781,28
62208000,76694.0,24,,,88.645,34
62208000,39887.2,24,,,74.916,38
62208000,44505.6,24,,,93.205,34
62208000,32680.6,24,,,86.176,36
62208000,24313.4,24,,,79.542,38
62208000,86185.8,24,,,98.876,30
62208000,54000.6,24,,,93.513,34
62208000,38787.6,24,,,88.204,37
62208000,268552.2,24,,,99.937,24
62208000,119983.6,24,,,99.322,31
62208000,75028.4,24,,,94.57,35
62208000,1255717.6,24,,,99.944,24
62208000,668165.8,24,,,99.488,29
62208000,415974.4,24,,,95.508,32
62208000,427331.0,24,,,99.902,28
62208000,210758.8,24,,,94.335,32
62208000,121480.0,24,,,86.703,35
62208000,411232.6,24,,,97.894,29
62208000,200335.0,24,,,89.551,33
62208000,164973.4,24,,,86.909,34
62208000,281566.8,24,,,99.935,28
62208000,163441.2,24,,,99.919,31
62208000,91304.6,24,,,99.882,34
62208000,57281.4,24,,,99.949,27
62208000,33255.2,24,,,99.934,31
62208000,25993.8,24,,,99.923,33
62208000,36294.2,24,,,99.933,29
62208000,21802.4,24,,,99.807,33
62208000,19203.8,24,,,99.195,34
62208000,52444.8,24,,,99.962,24
62208000,24691.8,24,,,99.94,30
62208000,17017.6,24,,,99.923,33
62208000,222574.2,24,,,99.752,26
62208000,120203.8,24,,,96.19,30
62208000,68057.6,24,,,88.371,34
62208000,372206.6,24,,,99.125,26
62208000,192406.6,24,,,92.591,30
62208000,114859.4,24,,,83.651,33
62208000,383078.8,24,,,99.948,25
62208000,132138.2,24,,,98.853,30
62208000,64053.8,24,,,90.194,34
62208000,83276.2,24,,,99.941,30
62208000,47734.6,24,,,99.919,34
62208000,35910.0,24,,,99.889,36
62208000,57680.4,24,,,99.988,27
62208000,31562.2,24,,,99.988,32
62208000,17984.2,24,,,99.762,37
62208000,157170.4,24,,,99.897,32
62208000,94528.0,24,,,97.193,36
62208000,68668.2,24,,,92.31,39
62208000,103119.0,24,,,99.945,31
62208000,67930.8,24,,,99.93,34
62208000,46830.8,24,,,98.271,37
62208000,49883.2,24,,,99.882,29
62208000,30532.8,24,,,97.741,33
62208000,22017.8,24,,,94.976,36
77760000,251928.4,30,,,99.88,25
77760000,114368.6,30,,,96.114,30
77760000,70027.8,30,,,91.108,33
77760000,426796.0,30,,,99.953,23
77760000,184643.4,30,,,99.703,27
77760000,122880.4,30,,,97.354,29
77760000,44523.4,30,,,99.977,25
77760000,26064.2,30,,,99.969,30
77760000,17167.0,30,,,96.922,34
77760000,39345.6,30,,,99.977,29
77760000,22618.2,30,,,99.976,34
77760000,14985.4,30,,,99.973,38
77760000,62709.8,30,,,99.859,27
77760000,35002.0,30,,,96.779,32
77760000,27830.4,30,,,96.531,34
77760000,17180.4,30,,,99.958,24
77760000,11157.8,30,,,99.94,28
77760000,7472.6,30,,,99.683,32
77760000,132660.8,30,,,90.274,29
77760000,75359.4,30,,,81.59,33
77760000,56886.4,30,,,76.898,35
77760000,73473.6,30,,,99.965,22
77760000,32489.2,30,,,96.168,28
77760000,18550.8,30,,,89.112,33
77760000,22442.0,30,,,99.954,25
77760000,11663.0,30,,,99.931,31
77760000,8012.0,30,,,97.771,35
77760000,33800.6,30,,,99.949,25
77760000,21024.0,30,,,99.703,30
77760000,15352.0,30,,,96.485,34
77760000,75716.0,30,,,95.758,28
77760000,44563.2,30,,,85.592,33
77760000,33612.0,30,,,77.738,36
77760000,61525.6,30,,,98.299,25
77760000,35060.4,30,,,90.757,30
77760000,23798.8,30,,,82.406,34
77760000,32152.0,30,,,99.954,30
77760000,16626.2,30,,,99.932,35
77760000,13304.6,30,,,99.82,37
77760000,101356.4,30,,,98.618,30
77760000,65760.4,30,,,91.079,34
77760000,48755.6,30,,,84.419,37
77760000,91507.0,30,,,99.681,28
77760000,59261.4,30,,,95.472,32
77760000,39028.8,30,,,86.165,36
62208000,59822.6,24,,,99.962,25
62208000,33675.4,24,,,99.469,29
62208000,19760.4,24,,,97.568,33
62208000,469531.8,24,,,99.954,27
62208000,293398.2,24,,,99.828,31
62208000,221431.4,24,,,96.62,33
62208000,188679.4,24,,,99.924,29
62208000,82257.8,24,,,98.672,34
62208000,50403.4,24,,,91.416,37
62208000,30688.0,24,,,99.959,28
62208000,18511.8,24,,,99.942,32
62208000,13045.6,24,,,99.461,35
62208000,165876.0,24,,,99.957,25
62208000,74184.2,24,,,99.854,31
62208000,48388.0,24,,,97.049,34
62208000,151676.2,24,,,99.95,26
62208000,76650.6,24,,,99.859,31
62208000,50008.0,24,,,96.989,34
62208000,211793.4,24,,,99.953,27
62208000,109741.4,24,,,99.908,32
62208000,84263.4,24,,,98.637,34
62208000,312117.2,24,,,99.966,24
62208000,142772.0,24,,,99.94,30
62208000,71075.4,24,,,96.783,35
62208000,109418.8,24,,,99.946,28
62208000,64382.0,24,,,99.388,32
62208000,43278.0,24,,,94.728,35
62208000,111951.2,24,,,99.959,26
62208000,60274.4,24,,,99.933,31
62208000,34029.6,24,,,99.473,36
62208000,46947.2,24,,,99.946,28
62208000,24030.4,24,,,99.91,33
62208000,14871.2,24,,,99.389,37
62208000,77604.4,24,,,99.956,26
62208000,39363.8,24,,,99.931,31
62208000,26280.8,24,,,99.91,34
62208000,119190.2,24,,,99.94,28
62208000,68243.8,24,,,99.912,32
62208000,45129.2,24,,,97.218,35
77760000,68640.0,30,,,99.954,28
77760000,42073.8,30,,,99.938,32
77760000,29144.6,30,,,99.922,35
77760000,181912.0,30,,,99.875,28
77760000,102905.0,30,,,99.168,32
77760000,70864.4,30,,,97.611,35
77760000,139168.4,30,,,99.951,27
77760000,66782.4,30,,,99.921,33
77760000,43245.8,30,,,99.837,37
77760000,151816.6,30,,,99.97,28
77760000,79863.4,30,,,99.857,33
77760000,55588.2,30,,,99.246,36
77760000,105270.6,30,,,99.725,28
77760000,66566.8,30,,,98.34,32
77760000,54412.2,30,,,96.956,34
77760000,170476.8,30,,,99.924,27
77760000,97750.4,30,,,99.49,31
77760000,66515.8,30,,,97.764,34
77760000,90994.2,30,,,99.954,29
77760000,50555.8,30,,,99.429,33
77760000,33838.0,30,,,96.456,36
77760000,111204.8,30,,,99.962,29
77760000,63821.6,30,,,99.944,34
77760000,46822.6,30,,,99.288,37
77760000,130762.8,30,,,99.95,24
77760000,53888.2,30,,,99.944,29
77760000,42253.8,30,,,99.941,31
77760000,142747.6,30,,,99.969,24
77760000,64881.2,30,,,99.959,29
77760000,44185.0,30,,,99.949,32
62208000,144789.2,24,,,99.965,24
62208000,78659.0,24,,,99.949,29
62208000,40884.6,24,,,99.917,35
62208000,272915.4,24,,,99.961,27
62208000,146264.8,24,,,99.943,32
62208000,92555.0,24,,,99.903,36
62208000,85208.8,24,,,99.965,25
62208000,57508.0,24,,,99.953,28
62208000,35127.8,24,,,99.937,32
62208000,101099.6,24,,,99.92,28
62208000,62879.2,24,,,99.762,32
62208000,40915.4,24,,,97.255,36
62208000,410473.0,24,,,99.611,30
62208000,195370.4,24,,,89.29,36
62208000,135712.6,24,,,82.81,39
62208000,295415.0,24,,,99.952,28
62208000,141195.6,24,,,96.574,34
62208000,83503.6,24,,,87.749,38
62208000,78508.6,24,,,99.949,28
62208000,42203.6,24,,,99.925,33
62208000,32274.2,24,,,99.91,35
62208000,89481.8,24,,,99.951,27
62208000,48774.0,24,,,99.931,32
62208000,33236.0,24,,,99.915,35
62208000,62519.0,24,,,99.976,21
62208000,29567.2,24,,,99.957,27
62208000,16892.2,24,,,99.939,32
62208000,119237.4,24,,,97.712,29
62208000,46087.0,24,,,89.01,34
62208000,31695.4,24,,,84.112,36
62208000,208664.4,24,,,99.939,27
62208000,97598.2,24,,,99.721,32
62208000,63492.4,24,,,97.024,35
62208000,107719.8,24,,,99.932,27
62208000,47316.6,24,,,98.961,32
62208000,35053.0,24,,,95.42,34
62208000,150328.0,24,,,99.956,25
62208000,71227.6,24,,,99.926,31
62208000,49711.4,24,,,99.794,34
62208000,292423.4,24,,,99.968,23
62208000,111384.8,24,,,99.942,31
62208000,62083.6,24,,,99.913,36
62208000,182109.8,24,,,99.956,26
62208000,78714.8,24,,,99.927,32
62208000,46553.0,24,,,99.504,36
62208000,75699.6,24,,,99.944,29
62208000,44253.0,24,,,99.593,33
62208000,30680.6,24,,,97.639,36
62208000,230677.8,24,,,99.957,27
62208000,117164.6,24,,,99.935,32
62208000,68842.2,24,,,99.201,36
62208000,173403.0,24,,,99.961,29
62208000,72664.0,24,,,99.536,35
62208000,47582.4,24,,,95.335,38
62208000,112476.8,24,,,99.952,26
62208000,64557.6,24,,,99.938,30
62208000,33473.4,24,,,98.271,35
62208000,106331.4,24,,,99.928,29
62208000,61253.4,24,,,99.877,33
62208000,41200.8,24,,,95.12,36
62208000,491006.0,24,,,99.969,22
62208000,189168.0,24,,,99.95,27
62208000,92298.4,24,,,96.397,31
62208000,286905.4,24,,,99.971,24
62208000,104913.0,24,,,98.248,30
62208000,53320.8,24,,,94.585,34
62208000,161979.8,24,,,99.989,28
62208000,84121.0,24,,,99.989,33
62208000,65373.8,24,,,99.989,35
62208000,55586.0,24,,,99.979,27
62208000,30222.8,24,,,99.97,31
62208000,19609.8,24,,,99.963,34
62208000,72604.6,24,,,99.944,28
62208000,37359.0,24,,,99.916,33
62208000,22840.0,24,,,99.893,37
62208000,45379.4,24,,,99.93,31
62208000,27082.6,24,,,99.904,35
62208000,21337.8,24,,,99.893,37
62208000,90655.0,24,,,99.944,30
62208000,53338.8,24,,,99.873,34
62208000,36958.0,24,,,98.075,37
62208000,150620.8,24,,,99.952,26
62208000,76303.2,24,,,99.935,31
62208000,51833.2,24,,,99.919,34
62208000,109156.4,24,,,99.937,27
62208000,43010.0,24,,,99.892,34
62208000,26292.2,24,,,96.785,38
62208000,143270.8,24,,,99.954,24
62208000,37817.6,24,,,99.908,32
62208000,21415.6,24,,,99.82,36
62208000,205612.4,24,,,99.957,23
62208000,70338.4,24,,,99.92,30
62208000,33342.8,24,,,99.882,35
62208000,118937.2,24,,,99.961,26
62208000,64925.4,24,,,99.95,31
62208000,40014.2,24,,,99.923,35
62208000,79118.2,24,,,99.959,27
62208000,43153.2,24,,,99.944,32
62208000,27508.4,24,,,99.912,36
62208000,45576.4,24,,,99.965,24
62208000,20901.6,24,,,99.943,29
62208000,12600.0,24,,,99.924,33
62208000,73427.4,24,,,99.969,25
62208000,40104.0,24,,,99.952,30
62208000,22947.8,24,,,99.934,35
62208000,155603.8,24,,,99.958,23
62208000,53234.0,24,,,99.93,29
62208000,28544.6,24,,,99.905,33
62208000,72327.6,24,,,99.955,30
62208000,41701.0,24,,,99.928,35
62208000,30696.0,24,,,99.897,38
62208000,90707.4,24,,,99.951,28
62208000,52498.6,24,,,99.935,32
62208000,36004.8,24,,,99.917,35
62208000,58383.2,24,,,99.968,27
62208000,28687.8,24,,,99.951,33
62208000,19539.4,24,,,99.938,37
62208000,151066.8,24,,,99.963,27
62208000,64082.2,24,,,99.949,32
62208000,47066.4,24,,,99.941,34
62208000,127661.4,24,,,99.965,25
62208000,58952.4,24,,,99.946,31
62208000,45674.2,24,,,99.939,33
62208000,205441.0,24,,,99.967,28
62208000,108691.4,24,,,99.954,33
62208000,74413.0,24,,,99.738,36
62208000,529903.8,24,,,99.958,26
62208000,218172.2,24,,,99.935,32
62208000,114722.8,24,,,98.554,36
62208000,97531.0,24,,,99.939,27
62208000,53275.2,24,,,99.913,32
62208000,33886.4,24,,,99.875,36
62208000,88671.4,24,,,99.938,27
62208000,43750.4,24,,,99.909,32
62208000,30202.0,24,,,99.888,35
62208000,138515.0,24,,,99.929,31
62208000,78676.4,24,,,99.437,35
62208000,51456.2,24,,,95.97,38
62208000,135169.0,24,,,99.918,31
62208000,74672.8,24,,,99.35,35
62208000,47040.0,24,,,95.579,38
62208000,98886.2,24,,,99.908,33
62208000,61570.2,24,,,99.62,37
62208000,48993.2,24,,,97.621,39
62208000,139705.0,24,,,99.94,26
62208000,78999.6,24,,,99.911,31
62208000,46239.0,24,,,99.687,36
62208000,145932.0,24,,,99.936,28
62208000,64270.4,24,,,99.904,34
62208000,38839.4,24,,,98.69,38
62208000,141071.6,24,,,99.955,26
62208000,78264.0,24,,,99.931,31
62208000,47961.6,24,,,99.905,35
62208000,65690.6,24,,,99.931,28
62208000,36541.2,24,,,99.897,33
62208000,26353.0,24,,,99.34,36
62208000,51171.0,24,,,99.96,24
62208000,24412.6,24,,,99.941,30
62208000,16307.0,24,,,99.918,34
62208000,94560.6,24,,,99.955,24
62208000,49506.6,24,,,99.922,29
62208000,29073.0,24,,,99.883,34
62208000,106591.0,24,,,99.97,28
62208000,56408.6,24,,,99.96,33
62208000,38077.8,24,,,99.944,36
62208000,107931.0,24,,,99.959,26
62208000,59800.8,24,,,99.945,31
62208000,43089.8,24,,,99.932,34
62208000,75256.8,24,,,99.944,26
62208000,36383.2,24,,,99.906,32
62208000,23535.8,24,,,99.254,36
62208000,50387.8,24,,,99.934,27
62208000,28579.6,24,,,99.906,32
62208000,19312.8,24,,,99.811,36
62208000,86317.8,24,,,99.926,30
62208000,42780.0,24,,,99.838,36
62208000,31533.0,24,,,98.191,39
62208000,62823.6,24,,,99.939,28
62208000,37205.6,24,,,99.915,33
62208000,28100.4,24,,,99.894,36
62208000,47270.6,24,,,99.925,31
62208000,34751.6,24,,,99.907,34
62208000,26419.2,24,,,99.895,37
62208000,56967.2,24,,,99.948,26
62208000,29569.4,24,,,99.919,32
62208000,24609.6,24,,,99.91,34
138240000,274940.4,30,,,99.969,25
138240000,147783.8,30,,,99.957,30
138240000,93118.0,30,,,99.943,34
138240000,181254.2,30,,,99.962,29
138240000,105793.6,30,,,99.947,34
138240000,85790.6,30,,,99.936,36
138240000,317127.4,30,,,99.974,23
138240000,158659.4,30,,,99.962,29
138240000,104640.8,30,,,99.949,33
138240000,171477.0,30,,,99.967,24
138240000,76503.2,30,,,99.946,29
138240000,50631.4,30,,,99.934,32
138240000,360856.4,30,,,99.952,28
138240000,181050.4,30,,,99.929,33
138240000,123486.8,30,,,99.664,36
138240000,393157.2,30,,,99.955,29
138240000,219704.2,30,,,99.939,33
138240000,146416.0,30,,,99.866,36
138240000,420035.2,30,,,99.963,27
138240000,237424.0,30,,,99.947,32
138240000,171436.6,30,,,99.937,35
138240000,267758.2,30,,,99.961,27
138240000,143599.2,30,,,99.951,31
138240000,85034.4,30,,,99.94,34
138240000,221744.4,30,,,99.963,28
138240000,134154.8,30,,,99.949,33
138240000,100677.6,30,,,99.934,36
138240000,139537.8,30,,,99.969,26
138240000,81422.4,30,,,99.959,30
138240000,58327.0,30,,,99.944,33
138240000,854589.6,30,,,99.953,28
138240000,301126.2,30,,,99.937,33
138240000,141884.2,30,,,99.816,36
138240000,748646.0,30,,,99.929,30
138240000,303012.4,30,,,94.642,36
138240000,216832.4,30,,,90.213,38
138240000,320103.2,30,,,99.949,29
138240000,150665.6,30,,,99.924,35
138240000,104874.6,30,,,97.524,38
138240000,453721.4,30,,,99.947,31
138240000,240306.4,30,,,97.729,36
138240000,186520.8,30,,,93.503,38
138240000,511667.8,30,,,99.941,32
138240000,296481.2,30,,,99.918,37
138240000,242588.6,30,,,99.823,39
138240000,121853.8,30,,,99.948,29
138240000,67227.4,30,,,99.581,35
138240000,52981.0,30,,,95.624,38
138240000,262621.0,30,,,99.98,29
138240000,166089.2,30,,,99.966,33
138240000,133703.6,30,,,99.961,35
138240000,1118605.6,30,,,99.979,24
138240000,504497.2,30,,,99.967,30
138240000,339390.4,30,,,99.953,33
138240000,403567.8,30,,,99.973,24
138240000,168275.2,30,,,99.963,29
138240000,102594.6,30,,,99.953,32
138240000,29624.2,30,,,99.961,31
138240000,14864.8,30,,,99.934,37
138240000,10652.8,30,,,99.914,40
138240000,43099.8,30,,,99.969,34
138240000,28692.2,30,,,99.955,38
138240000,23566.6,30,,,99.95,40
138240000,168717.4,30,,,99.978,26
138240000,99686.8,30,,,99.973,30
138240000,70306.6,30,,,99.969,33
138240000,125655.0,30,,,99.985,24
138240000,66932.6,30,,,99.98,29
138240000,46880.8,30,,,99.975,32
138240000,249705.0,30,,,99.971,25
138240000,128568.8,30,,,99.961,30
138240000,88027.2,30,,,99.951,33
138240000,189219.2,30,,,99.972,28
138240000,108928.4,30,,,99.961,33
138240000,88536.2,30,,,99.957,35
138240000,99848.0,30,,,99.974,28
138240000,55813.0,30,,,99.965,33
138240000,41208.2,30,,,99.959,36
138240000,256681.4,30,,,99.969,26
138240000,104605.2,30,,,99.961,32
138240000,62683.6,30,,,99.876,36
138240000,224144.2,30,,,99.972,26
138240000,93752.2,30,,,99.959,31
138240000,62967.2,30,,,99.952,34
138240000,117082.0,30,,,99.969,29
138240000,60883.4,30,,,99.963,34
138240000,38890.6,30,,,99.304,38
138240000,57949.6,30,,,99.959,31
138240000,38959.0,30,,,99.947,35
138240000,32581.0,30,,,99.937,37
138240000,92623.0,30,,,99.97,27
138240000,54941.4,30,,,99.957,32
138240000,45413.8,30,,,99.953,34
138240000,43511.8,30,,,99.971,27
138240000,21738.4,30,,,99.962,32
138240000,14894.2,30,,,99.898,35
138240000,536826.0,30,,,99.983,20
138240000,220991.4,30,,,99.974,26
138240000,146979.8,30,,,99.97,29
138240000,161299.2,30,,,99.98,21
138240000,79994.4,30,,,99.969,26
138240000,54865.0,30,,,99.961,29
138240000,332287.4,30,,,99.98,20
138240000,175434.8,30,,,99.972,25
138240000,98522.0,30,,,99.959,30
138240000,69539.0,30,,,99.973,24
138240000,39735.8,30,,,99.968,28
138240000,28456.0,30,,,99.965,31
138240000,178459.0,30,,,99.974,18
138240000,52400.4,30,,,99.97,23
138240000,24752.2,30,,,99.965,28
138240000,67677.2,30,,,99.976,23
138240000,35550.0,30,,,99.968,28
138240000,22672.4,30,,,99.957,32
138240000,136123.6,30,,,99.969,18
138240000,31527.6,30,,,99.964,24
138240000,16447.8,30,,,99.959,29
138240000,61915.8,30,,,99.973,22
138240000,35327.0,30,,,99.969,25
138240000,20511.6,30,,,99.964,29
138240000,82359.4,30,,,99.971,24
138240000,42865.8,30,,,99.965,29
138240000,31215.4,30,,,99.955,32
138240000,17976.4,30,,,99.961,26
138240000,9472.4,30,,,99.955,32
138240000,7403.4,30,,,99.944,35
138240000,17472.0,30,,,99.961,26
138240000,10013.2,30,,,99.954,31
138240000,8471.0,30,,,99.955,33
138240000,29277.8,30,,,99.972,28
138240000,19188.2,30,,,99.964,32
138240000,13043.4,30,,,99.957,36
138240000,48178.6,30,,,99.977,25
138240000,26445.2,30,,,99.971,30
138240000,14465.2,30,,,99.961,36
138240000,51899.2,30,,,99.976,25
138240000,35402.6,30,,,99.974,28
138240000,25730.0,30,,,99.969,31
138240000,29993.4,30,,,99.971,25
138240000,20144.8,30,,,99.971,28
138240000,13074.8,30,,,99.962,32
138240000,58983.6,30,,,99.974,23
138240000,44510.6,30,,,99.972,25
138240000,30752.0,30,,,99.969,28
138240000,62889.2,30,,,99.98,22
138240000,39410.8,30,,,99.977,25
138240000,27127.0,30,,,99.971,28
138240000,118977.6,30,,,99.975,25
138240000,72563.0,30,,,99.971,29
138240000,51798.8,30,,,99.968,32
138240000,74318.8,30,,,99.973,23
138240000,42706.4,30,,,99.969,27
138240000,30261.4,30,,,99.964,30
138240000,106549.0,30,,,99.976,25
138240000,73317.4,30,,,99.975,28
138240000,58316.8,30,,,99.97,30
138240000,104915.0,30,,,99.977,24
138240000,63727.8,30,,,99.974,28
138240000,50350.6,30,,,99.972,30
138240000,125152.8,30,,,99.975,23
138240000,53835.4,30,,,99.966,30
138240000,38896.4,30,,,99.964,33
138240000,59971.4,30,,,99.965,28
138240000,47917.6,30,,,99.965,30
138240000,34399.4,30,,,99.958,33
138240000,212926.8,30,,,99.956,28
138240000,109613.0,30,,,99.934,33
138240000,87263.4,30,,,99.922,35
138240000,96910.6,30,,,99.958,28
138240000,49503.2,30,,,99.934,33
138240000,31411.8,30,,,99.911,37
138240000,380095.2,30,,,99.945,29
138240000,209965.0,30,,,98.965,33
138240000,119139.8,30,,,95.392,37
138240000,342261.4,30,,,99.943,29
138240000,165221.2,30,,,97.597,35
138240000,119588.2,30,,,92.468,38
138240000,582412.4,30,,,99.968,25
138240000,294869.0,30,,,99.95,30
138240000,173731.4,30,,,99.585,34
138240000,384137.0,30,,,99.948,30
138240000,237859.0,30,,,99.749,34
138240000,186325.8,30,,,98.796,36
138240000,448406.6,30,,,99.966,25
138240000,214771.4,30,,,99.947,30
138240000,107002.0,30,,,99.393,35
138240000,548199.4,30,,,99.974,25
138240000,311656.4,30,,,99.961,29
138240000,209179.0,30,,,99.952,32
138240000,428882.8,30,,,99.973,24
138240000,284288.0,30,,,99.965,27
138240000,192691.0,30,,,99.959,30
138240000,491545.4,30,,,99.969,27
138240000,244757.2,30,,,99.955,32
138240000,161418.0,30,,,99.942,35
138240000,507532.6,30,,,99.957,28
138240000,277004.0,30,,,99.82,33
138240000,217361.2,30,,,99.549,35
138240000,235759.2,30,,,99.967,25
138240000,130897.2,30,,,99.948,30
138240000,80844.0,30,,,99.926,34
138240000,281600.8,30,,,99.959,30
138240000,168066.8,30,,,99.938,35
138240000,124832.6,30,,,99.908,38
138240000,271185.6,30,,,99.963,26
138240000,125992.4,30,,,99.936,32
138240000,86990.8,30,,,99.299,35
138240000,235279.8,30,,,99.943,31
138240000,144437.8,30,,,99.801,36
138240000,120630.4,30,,,99.119,38
138240000,176820.4,30,,,99.949,29
138240000,97347.0,30,,,99.924,34
138240000,67985.0,30,,,97.529,37
138240000,311136.8,30,,,99.954,29
138240000,169813.2,30,,,99.925,35
138240000,126744.2,30,,,99.153,38
138240000,156068.0,30,,,99.958,28
138240000,73121.6,30,,,99.945,32
138240000,40278.2,30,,,98.862,36
138240000,108311.6,30,,,99.954,27
138240000,60773.2,30,,,99.944,30
138240000,35633.6,30,,,99.935,33
138240000,414382.0,30,,,99.955,27
138240000,160997.6,30,,,99.939,32
138240000,108532.6,30,,,99.93,34
138240000,215271.4,30,,,99.943,31
138240000,131005.8,30,,,99.87,35
138240000,89294.8,30,,,95.64,38
138240000,151132.6,30,,,95.693,27
138240000,49931.8,30,,,88.287,32
138240000,25221.0,30,,,83.884,35
138240000,196149.8,30,,,99.943,23
138240000,97057.0,30,,,98.218,28
138240000,56315.4,30,,,93.264,32
138240000,333309.0,30,,,99.953,28
138240000,159016.6,30,,,99.929,34
138240000,109700.2,30,,,98.305,37
138240000,153116.8,30,,,99.968,25
138240000,95119.6,30,,,99.961,28
138240000,57503.4,30,,,99.95,32
138240000,65436.2,30,,,99.972,24
138240000,39555.4,30,,,99.964,27
138240000,21045.6,30,,,99.957,31
138240000,124581.8,30,,,99.966,25
138240000,90498.0,30,,,99.962,27
138240000,51758.8,30,,,99.95,31
138240000,411795.8,30,,,99.961,27
138240000,147436.4,30,,,99.947,32
138240000,80604.6,30,,,99.611,35
138240000,211365.4,30,,,99.955,27
138240000,90155.8,30,,,99.931,33
138240000,69993.0,30,,,99.921,35
138240000,1677515.8,30,,,99.971,30
138240000,758106.2,30,,,99.95,35
138240000,545551.4,30,,,99.814,37
138240000,812386.6,30,,,99.962,30
138240000,356662.4,30,,,99.602,36
138240000,234731.2,30,,,93.161,39
138240000,1458817.8,30,,,99.969,31
138240000,558094.2,30,,,99.899,37
138240000,333589.4,30,,,93.743,40
138240000,2284918.6,30,,,99.976,28
138240000,925407.4,30,,,99.956,34
138240000,469503.0,30,,,98.254,38
